Model,R2,MAE,RMSE
AIS,-0.02204961037654596,1094.5997991092186,4271.582211588438
