Model,R2,MAE,RMSE
ALOA,-0.022271005715940095,1094.2164878403307,4272.044839417281
