Model,R2,MAE,RMSE
BA,-546.4704254748924,98762.27872020278,98862.84691022125
