Model,R2,MAE,RMSE
CSA,-0.021999397938997856,1094.902983065451,4271.477280679359
