Model,R2,MAE,RMSE
HSA,-0.02331567534237622,1089.3867149390917,4274.227106095475
