Model,R2,MAE,RMSE
PSO,-0.022054599538902542,1094.5855661363423,4271.592637496803
